type,text
heading,25 Python Projects for Beginners â€“ Easy Ideas to Get Started Coding Python
heading,Python Projects You Can Build
heading,Mad libs Python Project
heading,Guess the Number Game Python Project (computer)
heading,Guess the Number Game Python Project (user)
heading,"Rock, paper, scissors Python Project"
heading,Hangman Python Project
heading,Countdown Timer Python Project
heading,Password Generator Python Project
heading,QR code encoder / decoder Python Project
heading,Tic-Tac-Toe Python Project
heading,Tic-Tac-Toe AI Python Project
heading,Binary Search Python Project
heading,Minesweeper Python Project
heading,Sudoku Solver Python Project
heading,Photo Manipulation in Python Project
heading,Markov Chain Text Composer Python Project
heading,Pong Python Project
heading,Snake Python Project
heading,Connect Four Python Project
heading,Tetris Python Project
heading,Online Multiplayer Game Python Project
heading,Web Scraping Program Python Project
heading,Bulk File Re-namer Python Project
heading,Weather Program Python Project
heading,Code a Discord Bot with Python - Host for Free in the Cloud
heading,Space Invaders Game Python Project
heading,Trending Books and Handbooks
heading,Mobile App
heading,Our Charity
